-- This script provides test data to fill the database created in
-- the create.sql script.

-- 100 Individuals
INSERT INTO `Individuals` (`name`,`phone`,`email`,`address`,`city`,`state`,`zip`) VALUES ("Gareth Flores","(140) 387-5572","facilisi.Sed@Quisque.org","P.O. Box 831, 5736 Facilisis Ave","Reynosa","Tamaulipas","93452"),("Macy Wise","(878) 442-1017","dolor.dolor@Nullainterdum.net","Ap #195-7276 At Street","Zierikzee","Zeeland","42513"),("Elmo Burns","(521) 702-4435","Donec.at@in.edu","Ap #299-2779 Dictum Rd.","Jeonju","Jeo","08103"),("Bertha Acosta","(640) 327-1743","rutrum@sitamet.org","P.O. Box 571, 1602 Aliquam Avenue","Gold Coast","Queensland","63901"),("Murphy Leon","(327) 972-7628","vitae.purus.gravida@feugiatnec.com","1478 Rhoncus. Av.","Bungay","SF","05131"),("Athena Zimmerman","(215) 214-6533","sed.leo.Cras@antedictum.net","743-1082 Massa. St.","Novosibirsk","Novosibirsk Oblast","09288"),("Dolan Abbott","(275) 677-9901","primis@aduiCras.edu","P.O. Box 776, 7779 Duis Avenue","Zierikzee","Zl","01683"),("Logan Conrad","(433) 708-3473","sem.magna.nec@auctor.org","2838 Aenean Street","Mackay","Queensland","55715"),("Germaine Levy","(602) 353-4386","amet.ultricies.sem@iaculisneceleifend.co.uk","P.O. Box 840, 3228 Auctor Street","Pyeongtaek","Gye","89426"),("Rebecca Bates","(797) 303-6600","auctor.quis.tristique@malesuada.ca","737-3231 Mauris St.","Flint","Michigan","65622");
INSERT INTO `Individuals` (`name`,`phone`,`email`,`address`,`city`,`state`,`zip`) VALUES ("Bradley Rocha","(975) 279-2592","sed.pede@etarcu.edu","Ap #861-9919 Dictum Av.","Galway","Connacht","78420"),("Beverly Brooks","(385) 796-4592","Nullam.feugiat.placerat@euerosNam.ca","P.O. Box 217, 6845 Adipiscing Street","Malambo","Atlántico","60478"),("Xyla Britt","(940) 695-5457","nec@liberoet.com","904-5390 Libero St.","Ludvika","W","28369"),("Guinevere Gonzales","(162) 790-1348","Cras@Nuncac.ca","P.O. Box 546, 7764 Pellentesque Street","Pozo Almonte","I","90666"),("Lane Swanson","(152) 674-0297","Integer.tincidunt@malesuadaaugue.com","Ap #999-1262 Sodales Rd.","Lagos","Lagos","02455"),("Jarrod Howard","(371) 698-2474","metus.urna@quis.com","6019 Erat Avenue","Tobermory","Argyllshire","56571"),("Lydia Ramirez","(309) 418-8256","taciti.sociosqu.ad@odioPhasellusat.edu","7081 Enim Rd.","Korneuburg","Lower Austria","64562"),("Carl Perry","(426) 177-3217","orci.lacus.vestibulum@euismodmauris.net","P.O. Box 663, 8685 Non, Rd.","Owerri","Imo","47245"),("Lev Long","(446) 229-4708","pellentesque@quis.org","P.O. Box 434, 2406 Tellus Rd.","St. Ives","HU","12175"),("Damon Ball","(181) 116-5205","Curabitur.vel@congue.com","P.O. Box 162, 298 Risus. Road","Angoulême","Poitou-Charentes","04531");
INSERT INTO `Individuals` (`name`,`phone`,`email`,`address`,`city`,`state`,`zip`) VALUES ("Kirestin Dale","(585) 517-0904","elementum@dolorelitpellentesque.co.uk","P.O. Box 510, 7269 Eget, Rd.","Pamplona","Navarra","58407"),("Mohammad Ortega","(746) 788-6640","nisi@ultriciesadipiscing.ca","Ap #459-1934 Imperdiet Rd.","Kurgan","Kurgan Oblast","20680"),("Jonah Chen","(708) 770-6265","Cras.eu@auguescelerisquemollis.edu","Ap #686-4784 Enim St.","Harderwijk","Gl","30428"),("Salvador Marsh","(720) 281-5037","et.eros@tortor.org","Ap #187-1983 Cras St.","Vienna","Vienna","36272"),("Dominic Mccoy","(639) 559-3262","auctor@necleoMorbi.co.uk","695-9964 Felis. Rd.","Bonnyrigg","Midlothian","49801"),("William Huffman","(740) 239-7288","massa.Quisque.porttitor@cursus.edu","P.O. Box 225, 2985 Eget Ave","Shillong","Meghalaya","01973"),("Ciaran Jacobs","(960) 864-9603","Ut.tincidunt.orci@vel.co.uk","450-3379 Luctus Ave","Tolyatti","SAM","36258"),("Avram Fleming","(748) 847-3832","elit.a.feugiat@urnaet.edu","Ap #663-9245 Nostra, Avenue","Jalgaon","Maharastra","28882"),("Larissa Nguyen","(888) 874-7849","Donec.consectetuer.mauris@suscipitestac.ca","P.O. Box 579, 859 Cursus. Av.","Schepdaal","VB","20544"),("Ashton Kline","(517) 288-1087","Sed.dictum@elit.org","P.O. Box 520, 2719 Nunc Street","Guri","Gye","86686");
INSERT INTO `Individuals` (`name`,`phone`,`email`,`address`,`city`,`state`,`zip`) VALUES ("Keaton Ford","(303) 667-7535","id.blandit.at@Namnullamagna.net","P.O. Box 211, 242 Curae; St.","Carmen de Bolivar","BOL","15797"),("Veronica Schwartz","(578) 706-5266","neque@utsem.org","215-1707 Integer Road","Bossut-Gottechain","Waals-Brabant","11988"),("Wyatt Orr","(776) 613-7739","Vestibulum@montesnascetur.com","559-6230 Dui, St.","Tacoma","Washington","78670"),("Mercedes Sanders","(228) 622-8586","metus@maurisanunc.co.uk","903-5560 Non St.","Santa Coloma de Gramenet","CA","15166"),("Leandra Hawkins","(846) 674-0920","nisl.arcu.iaculis@etpede.ca","Ap #480-8582 Molestie Rd.","Anchorage","AK","49433"),("Stewart Thomas","(598) 568-7956","egestas@loremvitae.net","669-2946 Leo Rd.","Galway","Connacht","07166"),("Sharon Good","(502) 355-0470","luctus.Curabitur@molestie.edu","542-2361 Lacus. St.","Yekaterinburg","SVE","48678"),("Rose Burns","(500) 537-2620","mi@estmollisnon.co.uk","3710 Eget Avenue","Minneapolis","MN","07982"),("Francis Woods","(853) 255-2624","lobortis@nunc.com","3312 Enim Road","Hubli","Karnataka","68908"),("Meredith Armstrong","(468) 851-7965","ullamcorper.magna.Sed@vitaerisus.edu","Ap #280-1044 Dis Road","Vienna","Wie","19485");
INSERT INTO `Individuals` (`name`,`phone`,`email`,`address`,`city`,`state`,`zip`) VALUES ("Eugenia Conley","(420) 303-3388","nisi.Aenean@fermentumvelmauris.co.uk","Ap #857-855 Libero. Ave","Pozantı","Ada","25752"),("Amena Grimes","(505) 767-0582","Aenean.euismod@pedeac.edu","2030 Donec St.","Gwangju","Gye","50973"),("Emerald Parker","(292) 899-7344","ipsum@primisin.ca","428 Dui. Avenue","Dumai","Riau","12739"),("Lareina Hayden","(631) 766-5867","nec@Maurisquisturpis.co.uk","P.O. Box 839, 791 Vel, Avenue","Weyburn","SK","88920"),("Doris Nichols","(164) 208-3956","vitae.aliquet@atiaculisquis.org","Ap #339-9793 At, Road","Täby","Stockholms län","10449"),("Preston Lawson","(102) 719-5972","Mauris.vel.turpis@tristique.com","4539 Tincidunt St.","Enkhuizen","N.","89359"),("Fallon Stone","(727) 821-7912","ultrices@dolor.org","Ap #704-7857 Ac St.","Gravelbourg","Saskatchewan","70527"),("Whitney Nichols","(664) 467-4007","ac@mattis.ca","128-6079 Nibh. Avenue","Galway","Connacht","07313"),("Vaughan Knight","(327) 622-9756","vestibulum@odioNam.com","P.O. Box 428, 6215 Magna. Ave","Hudiksvall","Gävleborgs län","79494"),("Maxwell Hartman","(985) 696-4158","quis.diam.Pellentesque@anteMaecenasmi.com","110-4349 Urna Ave","Bremen","Bremen","93626");
INSERT INTO `Individuals` (`name`,`phone`,`email`,`address`,`city`,`state`,`zip`) VALUES ("Keane Mcknight","(268) 408-8663","nulla.Integer@Incondimentum.com","Ap #970-9962 Aliquet St.","Vehari","SI","45468"),("Reed Dickson","(834) 257-3396","justo@nondui.com","P.O. Box 360, 3263 Aliquam Street","Singkawang","West Kalimantan","70306"),("Marny Wooten","(963) 979-5449","magna.Phasellus.dolor@elitelitfermentum.ca","P.O. Box 738, 3284 Orci, Rd.","Port Pirie","South Australia","81509"),("Hall Stanley","(801) 683-4728","Fusce@etmagnis.org","935-7132 Mollis. Rd.","Cabo de Santo Agostinho","Pernambuco","89340"),("Dominic Ortiz","(634) 932-6392","cubilia@semper.com","638-3506 Luctus St.","Laramie","WY","20829"),("Jackson Mcdonald","(420) 845-2462","quis@Pellentesquetincidunt.co.uk","P.O. Box 924, 4101 Pharetra. Avenue","Carmen de Bolivar","Bolívar","01359"),("Thane Lloyd","(789) 885-2155","sem.ut.dolor@ornarelectusante.edu","288-1465 Cras St.","Memphis","Tennessee","72114"),("Brianna Eaton","(721) 433-0970","pellentesque@Nuncac.net","Ap #216-8690 Cursus Ave","Sakhalin","Sakhalin Oblast","93055"),("Dana Sawyer","(470) 484-4451","nec.ante@mattisInteger.net","P.O. Box 459, 7994 Ipsum Ave","Ravels","AN","40784"),("Oscar Vincent","(463) 116-1634","amet.faucibus@ac.org","Ap #324-1754 Feugiat Ave","St. Catharines","ON","87426");
INSERT INTO `Individuals` (`name`,`phone`,`email`,`address`,`city`,`state`,`zip`) VALUES ("Addison Stark","(163) 898-8637","tristique.aliquet@ultricesmaurisipsum.net","628-6058 Porta Rd.","Hamburg","HH","36462"),("Quyn Tillman","(891) 668-8354","arcu@gravidanon.edu","6030 Aliquet St.","Moorsele","West-Vlaanderen","14342"),("Abdul Hawkins","(448) 199-2117","Nulla@Donec.org","8889 Mattis. Rd.","Hamburg","Hamburg","07211"),("Fuller Jacobs","(815) 242-1624","faucibus.id.libero@Donecegestas.net","P.O. Box 604, 7224 Nulla Av.","Osasco","SP","10595"),("Clayton Marquez","(479) 155-5982","justo@Namacnulla.com","P.O. Box 746, 1911 Imperdiet St.","Jecheon","North Chungcheong","14164"),("Garrison Richard","(590) 488-3487","posuere.cubilia.Curae@ipsumporta.edu","Ap #482-8557 Neque Road","Mauá","São Paulo","89256"),("Caleb Richard","(701) 975-6608","Integer.id@tortornibhsit.org","2158 Montes, Street","Santa Cruz de Tenerife","Canarias","38694"),("Aline Shelton","(885) 918-8773","nulla.Integer@Nuncut.edu","1034 Sit St.","Cartagena","MU","88543"),("Richard Mullen","(454) 346-0794","neque.non.quam@musAenean.ca","Ap #886-5768 Aenean Avenue","Liverpool","NSW","54942"),("Oprah Walsh","(537) 905-6111","lorem.tristique@tinciduntorci.ca","Ap #661-5681 Orci Road","Lakewood","CO","61865");
INSERT INTO `Individuals` (`name`,`phone`,`email`,`address`,`city`,`state`,`zip`) VALUES ("Sarah Dillon","(774) 990-7239","semper.et@variusorciin.co.uk","P.O. Box 543, 9721 Orci, Road","Belfast","U","78130"),("Timon Flowers","(130) 243-0968","eget.odio@arcuAliquamultrices.net","Ap #134-7963 Augue Street","Baie-D'Urfé","Quebec","43067"),("Chastity Horton","(820) 104-3124","sit.amet@In.edu","6230 Magna Avenue","Bangor","ME","72860"),("Rhonda Mckenzie","(138) 891-9551","Phasellus.ornare@tempus.co.uk","P.O. Box 392, 1703 Morbi Rd.","Calera de Tango","RM","89585"),("Carolyn Casey","(272) 415-2010","mi.ac.mattis@mollisIntegertincidunt.com","491-7471 Ac St.","Wanganui","North Island","03274"),("Gavin Howe","(273) 386-1459","posuere.vulputate@eu.ca","6308 Luctus Avenue","Meridian","Idaho","49059"),("Dominic David","(704) 673-1025","sociis@aliquetProinvelit.org","606-9738 Ut Avenue","Vancouver","WA","61739"),("Shad Hinton","(322) 272-8231","a.felis@lobortisnisi.com","520-2346 Morbi Av.","Chatteris","Cambridgeshire","99242"),("Dale Bryan","(452) 383-1164","erat.in.consectetuer@justoProin.net","650-573 Sit Rd.","Kapuskasing","Ontario","83083"),("Jeanette Nolan","(722) 222-7697","vulputate@Donecat.net","Ap #812-8255 Amet Ave","La Seyne-sur-Mer","Provence-Alpes-Côte d'Azur","51577");
INSERT INTO `Individuals` (`name`,`phone`,`email`,`address`,`city`,`state`,`zip`) VALUES ("Knox Henderson","(377) 684-0047","sodales.elit.erat@aliquetdiamSed.ca","Ap #511-9272 Lacinia St.","Oryol","ORL","75329"),("Orla Figueroa","(256) 104-6697","lobortis.augue.scelerisque@placerat.co.uk","404-502 Interdum. Av.","Norfolk","Virginia","41918"),("Madaline Wilcox","(406) 716-3373","sociis.natoque.penatibus@magna.ca","474 Nulla. Rd.","Limón (Puerto Limón)","Limón","54541"),("Orlando Cardenas","(889) 312-6958","elementum@nibhlaciniaorci.org","5679 At Rd.","Boston","MA","09193"),("Myles Murray","(739) 828-4063","nascetur@eget.net","Ap #604-320 Ante. Road","San Ramón","RM","30518"),("Cora Oliver","(754) 373-3540","est@euelit.edu","355-4852 Suspendisse Road","Andong","Gye","78257"),("Jillian Buckley","(481) 665-5338","a.purus@pedeNunc.org","563-714 Leo, Rd.","Aguacaliente (San Francisco)","C","21863"),("Nathan Becker","(610) 860-9392","eleifend.vitae.erat@facilisismagna.net","Ap #754-5349 Urna. Street","Greater Sudbury","Ontario","80735"),("Oren Morrow","(866) 947-2464","Mauris@duinectempus.co.uk","162-7533 Aliquam Street","Bida","Niger","60796"),("Stacy Kirk","(546) 608-5313","in.faucibus.orci@netusetmalesuada.edu","Ap #394-5068 Placerat, Road","Curacaví","RM","12353");
INSERT INTO `Individuals` (`name`,`phone`,`email`,`address`,`city`,`state`,`zip`) VALUES ("Hashim Burks","(441) 692-7416","dis.parturient.montes@euultrices.net","9758 Nascetur Rd.","Wabamun","Alberta","57442"),("Leila Wolf","(288) 122-2434","aptent.taciti.sociosqu@Aliquamrutrumlorem.edu","476-4011 Sed Av.","Suncheon","South Jeolla","75102"),("Marny Price","(129) 462-4142","Maecenas@pedesagittisaugue.ca","P.O. Box 945, 8115 Amet Av.","Jaén","Cajamarca","23710"),("Ciaran Carson","(240) 759-2937","dictum.eu@tellusfaucibus.net","7500 Tempus Road","Toruń","Kujawsko-pomorskie","74243"),("Axel Jarvis","(953) 868-9417","magna@metusAeneansed.org","P.O. Box 192, 9506 Mus. Av.","Kirov","Kirov Oblast","92859"),("Timothy Walker","(921) 806-6254","amet.metus@nequesedsem.com","9354 Dignissim Street","Tejar","Cartago","06100"),("Katelyn Tran","(980) 591-2433","libero.Proin.mi@Phasellusinfelis.co.uk","493-8093 Turpis Ave","Belfast","Ulster","36309"),("Raymond Bradley","(149) 802-8299","sociis@consequat.edu","Ap #221-9543 Fringilla St.","Gierle","AN","38745"),("Kennan Fletcher","(648) 423-0333","ut.nulla@nasceturridiculusmus.co.uk","P.O. Box 919, 5751 Natoque Rd.","Salamanca","Gto","22036"),("Theodore Salas","(858) 273-6075","eget.metus@risusNullaeget.ca","P.O. Box 684, 8518 A Avenue","Hamburg","HH","24481");

-- 95 TrackedIndividuals
INSERT INTO `TrackedIndividuals` (`person_id`,`dob`,`race`,`sex`) VALUES (1,"2020-02-16","Black or African American","Female"),(2,"2021-01-04","Native Hawaiian","Female"),(3,"2021-03-16","White","Other"),(4,"2019-10-19","American Indian or Alaska Native","Male"),(5,"2020-01-13","American Indian or Alaska Native","Male"),(6,"2021-02-27","Asian","Other"),(7,"2020-09-23","Asian","Other"),(8,"2021-05-17","Native Hawaiian","Other"),(9,"2020-07-31","Asian","Male"),(10,"2020-04-04","Asian","Male");
INSERT INTO `TrackedIndividuals` (`person_id`,`dob`,`race`,`sex`) VALUES (11,"2020-06-12","Other Pacific Islander","Male"),(12,"2020-03-05","Asian","Female"),(13,"2021-02-27","Native Hawaiian","Female"),(14,"2020-08-09","American Indian or Alaska Native","Other"),(15,"2019-12-02","White","Female"),(16,"2021-08-25","Native Hawaiian","Other"),(17,"2020-07-26","Other Pacific Islander","Other"),(18,"2019-12-26","White","Male"),(19,"2020-12-16","Asian","Other"),(20,"2021-04-15","White","Male");
INSERT INTO `TrackedIndividuals` (`person_id`,`dob`,`race`,`sex`) VALUES (21,"2020-04-08","Black or African American","Male"),(22,"2021-06-18","Black or African American","Male"),(23,"2020-03-26","White","Male"),(24,"2021-06-16","Black or African American","Other"),(25,"2021-02-04","American Indian or Alaska Native","Female"),(26,"2020-04-24","Asian","Female"),(27,"2020-09-14","White","Other"),(28,"2021-01-31","White","Other"),(29,"2020-10-28","Other Pacific Islander","Other"),(30,"2020-06-26","White","Male");
INSERT INTO `TrackedIndividuals` (`person_id`,`dob`,`race`,`sex`) VALUES (31,"2021-04-16","Other Pacific Islander","Female"),(32,"2020-06-23","Native Hawaiian","Other"),(33,"2021-02-01","Native Hawaiian","Other"),(34,"2019-11-25","Black or African American","Male"),(35,"2020-10-12","Native Hawaiian","Female"),(36,"2020-08-10","White","Other"),(37,"2020-05-21","Native Hawaiian","Other"),(38,"2021-05-24","Other Pacific Islander","Male"),(39,"2021-09-15","Other Pacific Islander","Male"),(40,"2021-08-17","Asian","Female");
INSERT INTO `TrackedIndividuals` (`person_id`,`dob`,`race`,`sex`) VALUES (41,"2019-11-01","White","Other"),(42,"2021-09-20","Native Hawaiian","Male"),(43,"2021-07-07","Black or African American","Male"),(44,"2021-06-16","Asian","Other"),(45,"2021-05-22","Other Pacific Islander","Male"),(46,"2020-12-23","American Indian or Alaska Native","Female"),(47,"2020-05-16","Native Hawaiian","Female"),(48,"2021-06-15","Black or African American","Other"),(49,"2020-12-19","Other Pacific Islander","Male"),(50,"2020-08-07","Native Hawaiian","Female");
INSERT INTO `TrackedIndividuals` (`person_id`,`dob`,`race`,`sex`) VALUES (51,"2020-02-06","Black or African American","Female"),(52,"2020-12-12","American Indian or Alaska Native","Male"),(53,"2020-03-19","Asian","Female"),(54,"2020-09-20","American Indian or Alaska Native","Male"),(55,"2020-03-31","Black or African American","Other"),(56,"2021-05-15","Asian","Other"),(57,"2019-10-25","Other Pacific Islander","Other"),(58,"2019-11-01","Other Pacific Islander","Female"),(59,"2021-07-22","Other Pacific Islander","Female"),(60,"2020-07-17","White","Female");
INSERT INTO `TrackedIndividuals` (`person_id`,`dob`,`race`,`sex`) VALUES (61,"2021-01-14","Black or African American","Other"),(62,"2020-09-23","Black or African American","Other"),(63,"2021-02-12","Black or African American","Male"),(64,"2021-04-25","White","Male"),(65,"2019-10-14","American Indian or Alaska Native","Female"),(66,"2021-04-27","White","Female"),(67,"2021-04-14","American Indian or Alaska Native","Female"),(68,"2020-04-19","White","Female"),(69,"2020-01-03","Native Hawaiian","Other"),(70,"2020-08-01","Other Pacific Islander","Female");
INSERT INTO `TrackedIndividuals` (`person_id`,`dob`,`race`,`sex`) VALUES (71,"2020-09-01","American Indian or Alaska Native","Other"),(72,"2021-06-15","Black or African American","Female"),(73,"2020-04-25","American Indian or Alaska Native","Male"),(74,"2020-04-23","Native Hawaiian","Female"),(75,"2020-10-25","American Indian or Alaska Native","Female"),(76,"2021-03-20","Black or African American","Other"),(77,"2020-12-05","Other Pacific Islander","Other"),(78,"2021-08-15","American Indian or Alaska Native","Male"),(79,"2020-10-02","American Indian or Alaska Native","Male"),(80,"2020-12-13","Black or African American","Male");
INSERT INTO `TrackedIndividuals` (`person_id`,`dob`,`race`,`sex`) VALUES (81,"2020-03-31","Other Pacific Islander","Other"),(82,"2021-01-07","Native Hawaiian","Other"),(83,"2020-01-28","Asian","Other"),(84,"2020-03-11","Other Pacific Islander","Female"),(85,"2020-03-22","Native Hawaiian","Female"),(86,"2020-11-03","Native Hawaiian","Female"),(87,"2020-09-27","Black or African American","Male"),(88,"2020-08-02","American Indian or Alaska Native","Male"),(89,"2021-07-25","Other Pacific Islander","Male"),(90,"2020-10-24","Other Pacific Islander","Female");
INSERT INTO `TrackedIndividuals` (`person_id`,`dob`,`race`,`sex`) VALUES (91,"2020-09-01","American Indian or Alaska Native","Female"),(92,"2019-10-10","Native Hawaiian","Female"),(93,"2020-02-19","White","Male"),(94,"2020-05-10","White","Female"),(95,"2020-06-10","Other Pacific Islander","Female");

-- 5 CaseWorkers
INSERT INTO `CaseManagers` (`person_id`,`basedCity`,`basedState`,`startingDate`,`infected_id`) VALUES (96,"Namyangju","Gye","2021-07-28",NULL),(97,"Morrinsville","North Island","2020-01-22",NULL),(98,"Fortune","Newfoundland and Labrador","2021-03-28",NULL),(99,"Vienna","Wie","2020-11-22",NULL),(100,"Lagos","Lagos","2020-04-27",NULL);

-- Risk levels
INSERT INTO `RiskLevels` VALUES ("Low"),("Medium"),("High");

-- Communication types
INSERT INTO `CommunicationMethods` VALUES ("Phone"),("Email"),("SMS");

-- Cases
INSERT INTO 
    `Cases` (`estimatedExposureDate`,`totalRiskLevel_id`,`quarantineStartDate`,`closureDate`,`infected`,`hospitalized`,`covidDeath`,`commMethod_id`,`cm_person_id`,`infected_person_id`)
VALUES 
-- TODO: Remove infected?? Need more infected IDs?
    ("2020-02-02", 1, "2020-02-09", "2020-03-01", 0, 0, 0, 1, 99, 1),
    ("2020-03-01", 2, "2020-03-07", "2020-04-02", 1, 1, 0, 2, 100, 2),
    ("2020-03-15", 3, "2020-03-20", "2020-04-15", 1, 1, 1, 3, 96, 3),
    ("2020-04-15", 1, "2020-05-01", "2020-05-15", 0, 0, 0, 1, 97, 4),
    ("2020-04-15", 2, "2020-04-20", "2020-05-05", 1, 0, 0, 2, 98, 5),
    ("2020-05-15", 3, "2020-05-20", "2020-06-10", 1, 1, 0, 3, 99, 6),
    ("2020-06-15", 1, "2020-06-25", "2020-07-11", 0, 0, 0, 1, 100, 7),
    ("2020-07-15", 2, "2020-07-17", "2020-07-30", 1, 1, 1, 2, 96, 8),
    ("2020-08-15", 3, "2020-08-21", "2020-09-20", 1, 1, 0, 3, 97, 9),
    ("2020-08-15", 1, "2020-09-01", NULL, 1, 1, 0, 1, 98, 10);

-- Fake test info
INSERT INTO `Tests` (`name`, `accuracy`, `estimatedResultTimeHrs`) VALUES ("Nasal Swab", 0.95, 24),("Cheek Swab", 0.85, 24),("Experimental Test 1", 0.99, 72),("Experimental Test 2", 0.8, 1);

-- Test outcomes
INSERT INTO `PossibleTestOutcomes` VALUES ("Positive"),("Negative"),("Equivocal");

-- Test Results
INSERT INTO 
    `TestResults` (`date`,`outcome_id`,`selfReported`,`authenticated`,`test_id`,`case_id`) 
VALUES 
    ("2020-02-05",1,1,0,4,1),
    ("2020-03-24",1,1,0,2,2),
    ("2020-03-22",1,0,1,3,3),
    ("2020-04-04",2,1,0,3,4),
    ("2020-04-04",1,0,1,1,5),
    ("2020-05-05",1,1,1,2,6),
    ("2020-06-30",2,0,1,2,7),
    ("2020-07-15",1,1,0,2,8),
    ("2020-08-06",1,1,0,4,9),
    ("2020-08-18",1,1,0,3,10),
    ("2020-02-28",2,1,1,3,1),
    ("2020-03-15",2,1,0,3,2),
    ("2020-03-28",2,0,1,3,2),
    ("2020-05-13",2,1,1,1,4),
    ("2020-05-03",2,0,1,4,5),
    ("2020-06-09",2,1,1,3,6),
    ("2020-07-09",2,0,1,1,7),
    ("2020-09-17",2,1,1,2,9),
    ("2020-09-18",1,1,0,1,10),
    ("2020-09-29",1,1,0,2,10);

-- Symptoms
INSERT INTO `Symptoms` (`name`) VALUES ("Fever"),("Chills"),("Cough"),("Shortness of breath"),("Difficulty breathing"),("Fatigue"),("Muscle or body aches"),("Headache"),("Sore throat"),("Congestion or runny nose"),("Nausea or vomiting"),("Diarrhea"),("Loss of taste or smell");

-- Monitoring logs
INSERT INTO `MonitoringLogs` (`timestamp`,`temp`,`tempType`,`additionalInfo`,`case_id`) VALUES ("2020-06-07 07:02:31","100.1","F","fermentum convallis ligula. Donec luctus",7),("2020-07-12 11:16:41","98.6","F","nibh sit amet orci. Ut",10),("2020-07-19 09:23:51","100.2","F","Suspendisse tristique neque venenatis lacus.",3),("2020-04-20 13:11:15","100.8","F","sem, vitae aliquam eros turpis",1),("2020-08-27 11:10:52","100.1","F","aliquam adipiscing lacus. Ut nec",10),("2020-08-05 04:18:24","99.0","F","tellus sem mollis dui, in",1),("2020-06-15 10:35:34","99.5","F","lectus sit amet luctus vulputate,",9),("2020-09-02 14:25:11","99.0","F","sodales purus, in molestie tortor",8),("2020-02-24 00:09:53","100.8","F","orci. Ut sagittis lobortis mauris.",5),("2020-05-16 21:47:10","101.1","F","at lacus. Quisque purus sapien,",2);
INSERT INTO `MonitoringLogs` (`timestamp`,`temp`,`tempType`,`additionalInfo`,`case_id`) VALUES ("2020-05-07 00:32:07","100.1","F","blandit. Nam nulla magna, malesuada",2),("2020-05-22 15:24:51","99.5","F","sed, facilisis vitae, orci. Phasellus",6),("2020-08-16 08:16:40","98.9","F","ac nulla. In tincidunt congue",1),("2020-08-18 09:59:51","99.5","F","magna tellus faucibus leo, in",2),("2020-06-30 13:04:04","98.6","F","purus gravida sagittis. Duis gravida.",2),("2020-08-22 06:14:54","98.9","F","ornare, elit elit fermentum risus,",3),("2020-03-30 15:20:24","99.5","F","nec, euismod in, dolor. Fusce",7),("2020-03-25 06:36:25","100.2","F","lobortis. Class aptent taciti sociosqu",2),("2020-09-04 00:08:38","101.1","F","turpis egestas. Aliquam fringilla cursus",6),("2020-07-06 02:35:26","100.8","F","pede, malesuada vel, venenatis vel,",6);
INSERT INTO `MonitoringLogs` (`timestamp`,`temp`,`tempType`,`additionalInfo`,`case_id`) VALUES ("2020-07-18 19:07:37","100.2","F","Nulla dignissim. Maecenas ornare egestas",7),("2020-07-21 05:25:31","99.5","F","nostra, per inceptos hymenaeos. Mauris",7),("2020-04-20 08:28:16","99.5","F","orci. Ut semper pretium neque.",5),("2020-07-21 05:26:41","101.1","F","faucibus orci luctus et ultrices",10),("2020-05-31 07:35:50","98.9","F","Sed nunc est, mollis non,",3),("2020-09-15 16:12:08","100.8","F","elementum at, egestas a, scelerisque",3),("2020-06-15 17:47:57","98.6","F","elementum at, egestas a, scelerisque",8),("2020-03-14 20:40:11","99.5","F","dolor quam, elementum at, egestas",10),("2020-04-08 03:41:07","101.1","F","morbi tristique senectus et netus",9),("2020-02-09 18:03:24","98.6","F","pede, malesuada vel, venenatis vel,",9);
INSERT INTO `MonitoringLogs` (`timestamp`,`temp`,`tempType`,`additionalInfo`,`case_id`) VALUES ("2020-06-13 10:56:11","99.5","F","fames ac turpis egestas. Fusce",2),("2020-03-19 19:58:59","100.2","F","mauris erat eget ipsum. Suspendisse",5),("2020-03-29 09:47:54","101.1","F","nisi a odio semper cursus.",7),("2020-05-29 05:47:22","99.0","F","Sed id risus quis diam",8),("2020-07-05 04:09:06","100.2","F","sagittis placerat. Cras dictum ultricies",4),("2020-06-27 15:13:10","100.8","F","Sed nulla ante, iaculis nec,",6),("2020-09-11 06:15:34","101.1","F","consectetuer ipsum nunc id enim.",2),("2020-06-29 01:06:34","100.8","F","purus ac tellus. Suspendisse sed",7),("2020-09-13 17:52:12","100.2","F","sed, facilisis vitae, orci. Phasellus",2),("2020-04-14 02:44:13","100.1","F","libero mauris, aliquam eu, accumsan",3);
INSERT INTO `MonitoringLogs` (`timestamp`,`temp`,`tempType`,`additionalInfo`,`case_id`) VALUES ("2020-07-28 06:33:59","98.6","F","feugiat. Lorem ipsum dolor sit",5),("2020-07-13 20:14:23","100.2","F","lorem eu metus. In lorem.",2),("2020-07-31 01:31:00","100.1","F","lobortis ultrices. Vivamus rhoncus. Donec",2),("2020-08-12 22:11:54","99.5","F","semper tellus id nunc interdum",9),("2020-10-05 05:08:24","100.2","F","dignissim pharetra. Nam ac nulla.",1),("2020-08-22 17:22:45","100.8","F","massa rutrum magna. Cras convallis",7),("2020-08-09 03:53:49","98.9","F","Vivamus nibh dolor, nonummy ac,",4),("2020-04-02 09:35:58","100.1","F","sit amet, dapibus id, blandit",7),("2020-06-30 20:28:47","100.8","F","Cras interdum. Nunc sollicitudin commodo",5),("2020-09-09 08:12:42","99.5","F","Nulla eu neque pellentesque massa",10);
INSERT INTO `MonitoringLogs` (`timestamp`,`temp`,`tempType`,`additionalInfo`,`case_id`) VALUES ("2020-05-20 17:17:30","101.1","F","magna et ipsum cursus vestibulum.",9),("2020-06-16 03:06:52","100.1","F","ac mattis ornare, lectus ante",1),("2020-09-08 21:28:42","100.2","F","urna. Nullam lobortis quam a",5),("2020-07-23 23:06:35","98.6","F","Suspendisse non leo. Vivamus nibh",1),("2020-09-23 11:08:44","100.2","F","Fusce mollis. Duis sit amet",9),("2020-06-29 03:25:49","100.2","F","Aenean egestas hendrerit neque. In",3),("2020-06-23 10:51:41","100.8","F","et magnis dis parturient montes,",9),("2020-02-09 12:43:04","99.5","F","Sed molestie. Sed id risus",2),("2020-05-04 04:01:21","99.0","F","arcu. Sed eu nibh vulputate",5),("2020-04-10 21:40:11","100.1","F","turpis. In condimentum. Donec at",10);
INSERT INTO `MonitoringLogs` (`timestamp`,`temp`,`tempType`,`additionalInfo`,`case_id`) VALUES ("2020-05-10 10:58:28","98.9","F","euismod mauris eu elit. Nulla",5),("2020-08-01 21:08:48","100.2","F","est. Nunc laoreet lectus quis",5),("2020-03-06 04:54:12","98.9","F","magnis dis parturient montes, nascetur",10),("2020-08-19 21:50:10","100.1","F","molestie. Sed id risus quis",6),("2020-02-16 05:38:27","98.9","F","consectetuer, cursus et, magna. Praesent",8),("2020-03-01 14:36:48","101.1","F","molestie orci tincidunt adipiscing. Mauris",4),("2020-08-10 01:09:42","98.9","F","In nec orci. Donec nibh.",6),("2020-05-22 09:42:35","98.6","F","nec mauris blandit mattis. Cras",8),("2020-08-07 09:28:47","98.6","F","molestie tortor nibh sit amet",3),("2020-04-13 14:23:27","98.6","F","dictum ultricies ligula. Nullam enim.",3);
INSERT INTO `MonitoringLogs` (`timestamp`,`temp`,`tempType`,`additionalInfo`,`case_id`) VALUES ("2020-05-21 12:16:52","100.1","F","ante lectus convallis est, vitae",2),("2020-08-09 12:34:33","100.1","F","malesuada fames ac turpis egestas.",5),("2020-04-04 17:41:10","98.6","F","risus. Quisque libero lacus, varius",7),("2020-04-01 10:01:56","101.1","F","quis accumsan convallis, ante lectus",7),("2020-10-01 11:13:38","100.2","F","lacinia mattis. Integer eu lacus.",4),("2020-08-03 02:47:21","98.6","F","Nunc mauris elit, dictum eu,",2),("2020-06-07 10:09:57","98.6","F","ipsum primis in faucibus orci",1),("2020-10-02 07:24:03","99.5","F","odio a purus. Duis elementum,",8),("2020-07-17 13:27:33","99.0","F","malesuada. Integer id magna et",8),("2020-04-17 15:48:05","99.0","F","sed consequat auctor, nunc nulla",10);
INSERT INTO `MonitoringLogs` (`timestamp`,`temp`,`tempType`,`additionalInfo`,`case_id`) VALUES ("2020-08-31 08:52:29","100.1","F","ut mi. Duis risus odio,",4),("2020-05-21 20:54:16","98.9","F","In condimentum. Donec at arcu.",6),("2020-02-26 22:28:19","98.9","F","dapibus quam quis diam. Pellentesque",1),("2020-05-25 03:43:47","100.2","F","semper rutrum. Fusce dolor quam,",3),("2020-04-15 12:51:12","100.8","F","enim. Nunc ut erat. Sed",2),("2020-02-23 12:27:26","99.0","F","facilisis vitae, orci. Phasellus dapibus",5),("2020-03-19 19:00:36","100.1","F","aliquet vel, vulputate eu, odio.",4),("2020-03-25 13:21:56","100.1","F","fermentum convallis ligula. Donec luctus",9),("2020-05-16 06:53:06","101.1","F","at pretium aliquet, metus urna",6),("2020-04-01 09:12:39","99.0","F","tempor lorem, eget mollis lectus",6);
INSERT INTO `MonitoringLogs` (`timestamp`,`temp`,`tempType`,`additionalInfo`,`case_id`) VALUES ("2020-03-10 04:00:12","99.0","F","et ultrices posuere cubilia Curae;",9),("2020-05-14 01:58:44","98.9","F","Aliquam auctor, velit eget laoreet",3),("2020-02-18 01:28:09","100.2","F","tempor bibendum. Donec felis orci,",5),("2020-05-28 01:33:22","100.1","F","aliquet magna a neque. Nullam",6),("2020-04-29 21:17:49","98.9","F","tincidunt. Donec vitae erat vel",2),("2020-02-14 08:47:24","100.1","F","enim. Suspendisse aliquet, sem ut",5),("2020-06-03 03:49:37","99.0","F","aptent taciti sociosqu ad litora",1),("2020-08-19 03:41:18","98.9","F","sodales purus, in molestie tortor",6),("2020-07-23 14:42:09","99.0","F","orci quis lectus. Nullam suscipit,",8),("2020-03-11 11:03:46","98.6","F","volutpat ornare, facilisis eget, ipsum.",7);

-- Symptom list
INSERT INTO `SymptomList` (`monitor_id`,`symptom_id`) VALUES (32,1),(44,5),(24,6),(1,13),(40,10),(8,3),(43,2),(79,11),(24,10),(94,5);
INSERT INTO `SymptomList` (`monitor_id`,`symptom_id`) VALUES (1,10),(63,13),(67,11),(62,8),(43,12),(38,8),(32,10),(5,8),(19,3),(30,4);
INSERT INTO `SymptomList` (`monitor_id`,`symptom_id`) VALUES (14,9),(67,10),(10,4),(85,7),(23,9),(39,5),(96,8),(14,7),(14,8),(57,13);
INSERT INTO `SymptomList` (`monitor_id`,`symptom_id`) VALUES (75,8),(33,4),(95,2),(89,2),(32,2),(97,9),(66,10),(60,2),(60,6),(17,13);
INSERT INTO `SymptomList` (`monitor_id`,`symptom_id`) VALUES (38,10),(64,1),(98,12),(16,13),(13,11),(76,8),(31,5),(6,12),(25,9),(41,3);
INSERT INTO `SymptomList` (`monitor_id`,`symptom_id`) VALUES (10,11),(71,7),(39,5),(45,7),(16,3),(60,2),(62,6),(79,8),(84,12),(85,3);
INSERT INTO `SymptomList` (`monitor_id`,`symptom_id`) VALUES (15,6),(33,12),(21,2),(56,7),(36,10),(93,5),(62,2),(66,12),(98,2),(47,6);
INSERT INTO `SymptomList` (`monitor_id`,`symptom_id`) VALUES (18,2),(3,7),(20,12),(94,3),(71,10),(43,4),(49,12),(88,5),(95,4),(9,11);
INSERT INTO `SymptomList` (`monitor_id`,`symptom_id`) VALUES (1,6),(27,11),(66,7),(5,5),(51,11),(83,8),(63,4),(82,7),(10,6),(91,5);
INSERT INTO `SymptomList` (`monitor_id`,`symptom_id`) VALUES (2,10),(52,7),(53,4),(14,3),(91,11),(12,3),(12,3),(93,12),(47,4),(81,9);

-- Contact logs
INSERT INTO `ContactLogs` (`timestamp`,`latitude`,`longitude`,`contactDurationMin`,`maskUseInfected`,`maskUseContact`,`distanceFeet`,`risk_id`,`contact_person_id`,`case_id`) 
VALUES 
    ("2020-02-09 02:50:41","-10.84635","-169.43604",19,0,1,26,1,11,1),
    ("2020-02-07 18:17:54","-10.45087","-169.83121",25,0,1,6,1,27,1),
    ("2020-02-09 06:38:00","-10.13062","-169.88649",43,1,1,13,3,81,1),
    ("2020-03-07 23:55:20","83.36594","-45.36469",19,0,0,19,3,44,2),
    ("2020-03-06 08:51:31","83.86995","-45.41515",41,0,1,23,2,60,2),
    ("2020-03-02 08:03:30","83.86989","-45.87503",8,1,0,2,1,43,2),
    ("2020-03-01 18:57:51","83.2677","-45.64912",16,1,1,22,2,52,2),
    ("2020-03-02 13:46:09","83.92466","-45.0538",29,1,0,13,2,23,2),
    ("2020-03-15 14:40:58","-9.70658","-29.07394",42,1,1,6,1,43,3),
    ("2020-03-15 22:01:22","-9.37913","-29.45838",23,0,0,20,2,59,3),
    ("2020-03-20 07:44:01","-9.36867","-29.90515",22,1,0,22,3,80,3),
    ("2020-03-20 02:50:53","-9.81518","-29.03934",40,0,1,27,1,34,3),
    ("2020-03-16 18:19:44","-9.20583","-29.39017",28,1,1,26,1,33,3),
    ("2020-04-18 12:25:14","54.02809","109.05271",55,0,0,10,2,18,5),
    ("2020-04-18 08:40:04","54.49963","109.19035",30,1,1,25,1,54,5),
    ("2020-04-16 12:45:40","54.69736","109.45635",28,1,1,4,2,17,5),
    ("2020-04-16 05:57:53","54.07423","109.75953",35,1,1,28,3,17,5),
    ("2020-06-22 15:13:59","-3.58228","-141.29094",35,0,0,25,1,29,7),
    ("2020-06-20 14:02:54","-3.69779","-141.46863",43,0,0,21,3,66,7),
    ("2020-06-16 20:38:14","-3.05053","-141.00678",6,0,1,3,2,42,7),
    ("2020-06-22 19:55:44","-3.99052","-141.58712",10,0,0,8,1,92,7),
    ("2020-06-17 12:37:16","-3.77446","-141.87051",18,1,1,29,2,21,7),
    ("2020-06-15 22:14:58","-3.01039","-141.45508",8,0,0,17,2,74,7),
    ("2020-08-16 14:30:23","-25.51603","178.34909",53,1,1,18,1,25,9),
    ("2020-08-17 04:58:48","-25.5405","178.58363",20,0,0,30,3,50,9),
    ("2020-08-25 06:15:53","-14.11335","89.71547",29,1,1,27,2,81,10),
    ("2020-08-30 20:49:04","-14.4739","89.24901",28,1,0,18,1,36,10),
    ("2020-09-01 09:15:52","-14.98731","89.76255",34,0,1,14,3,58,10),
    ("2020-08-26 02:33:30","-14.04339","89.08621",4,1,0,11,1,32,10),
    ("2020-08-24 14:40:18","-14.02419","89.13326",15,1,1,9,2,54,10),
    ("2020-08-26 17:36:32","-14.06503","89.84059",40,1,1,16,3,15,10);

-- Messages
INSERT INTO `Messages` (`messageLevel_id`,`messageInfo`) 
VALUES 
    (3,"Lorem ipsum"),
    (3,"Lorem ipsum dolor");
    (3,"Lorem ipsum dolor sit"),
    (3,"Lorem ipsum dolor sit amet, consectetuer adipiscing"),
    (3,"Lorem ipsum dolor sit amet, consectetuer adipiscing elit. Curabitur sed"),
    (2,"Lorem ipsum"),
    (2,"Lorem ipsum dolor sit"),
    (2,"Lorem ipsum dolor sit amet, consectetuer adipiscing"),
    (1,"Lorem ipsum dolor sit amet, consectetuer adipiscing elit.");

-- Next Steps
INSERT INTO `NextSteps` (`name`,`levelNeeded_id`,`additionalInfo`) 
VALUES 
    ("porttitor",2,"at augue id ante"),
    ("non",2,"Curabitur egestas nunc sed libero."),
    ("Curae;",1,"penatibus et magnis dis parturient"),
    ("interdum.",3,"Integer eu"),
    ("dapibus",3,"sem."),
    ("rutrum",3,"posuere cubilia Curae; Donec tincidunt."),
    ("urna",1,"consequat dolor vitae dolor."),
    ("purus,",2,"facilisis,"),
    ("auctor",1,"a neque. Nullam ut nisi"),
    ("vitae",2,"velit. Aliquam nisl. Nulla eu");

-- Step List
INSERT INTO `StepList` (`message_id`,`step_id`) VALUES (6,9),(3,3),(7,6),(6,3),(5,8),(4,6),(7,5),(7,6),(3,1),(8,8);
INSERT INTO `StepList` (`message_id`,`step_id`) VALUES (5,7),(1,9),(1,9),(6,6),(2,9),(2,4),(8,3),(4,1),(6,1),(9,4);
INSERT INTO `StepList` (`message_id`,`step_id`) VALUES (6,5),(8,2),(3,5),(8,2),(4,5),(3,1),(5,4),(7,1),(2,3),(4,1);
INSERT INTO `StepList` (`message_id`,`step_id`) VALUES (5,6),(2,4),(4,2),(9,9),(5,1),(8,2),(7,3),(1,2),(4,3),(1,6);
INSERT INTO `StepList` (`message_id`,`step_id`) VALUES (4,8),(1,6),(7,4),(9,1),(8,3),(8,1),(2,3),(4,8),(6,9),(2,6);
INSERT INTO `StepList` (`message_id`,`step_id`) VALUES (4,4),(9,2),(3,3),(2,2),(6,1),(1,9),(5,7),(1,2),(4,1),(2,4);
INSERT INTO `StepList` (`message_id`,`step_id`) VALUES (5,4),(1,2),(2,3),(3,5),(5,7),(7,6),(5,6),(8,3),(1,5),(1,7);
INSERT INTO `StepList` (`message_id`,`step_id`) VALUES (6,3),(2,4),(8,8),(7,5),(9,5),(9,5),(1,9),(4,7),(2,4),(8,5);
INSERT INTO `StepList` (`message_id`,`step_id`) VALUES (1,3),(9,1),(6,3),(7,2),(6,2),(4,1),(8,1),(2,5),(2,5),(7,1);
INSERT INTO `StepList` (`message_id`,`step_id`) VALUES (2,4),(1,7),(5,5),(1,9),(9,3),(8,6),(6,8),(2,5),(5,9),(5,3);

-- CommunicationLogs
-- These will not line up with Cases correctly...
INSERT INTO `CommunicationLogs` (`timestamp`,`method_id`,`case_id`,`message_id`) VALUES ("2020-09-24 09:05:16",3,1,8),("2020-04-29 07:50:12",3,9,2),("2020-08-29 05:36:53",2,1,6),("2020-05-15 15:26:50",2,1,3),("2020-03-29 13:22:42",2,5,9),("2020-02-27 09:48:03",1,6,5),("2020-07-10 12:28:37",1,8,4),("2020-04-20 16:21:03",1,10,5),("2020-05-31 20:27:16",1,5,3),("2020-09-26 17:13:27",1,9,2);
INSERT INTO `CommunicationLogs` (`timestamp`,`method_id`,`case_id`,`message_id`) VALUES ("2020-03-14 17:28:35",2,5,6),("2020-07-22 13:36:21",1,7,3),("2020-02-13 21:05:44",2,10,1),("2020-04-18 20:46:56",1,5,9),("2020-02-29 06:02:57",2,6,2),("2020-07-21 16:01:00",2,9,3),("2020-05-22 15:07:17",1,8,7),("2020-02-15 07:36:35",2,3,7),("2020-08-23 10:35:11",2,7,4),("2020-02-24 08:16:25",2,9,1);
INSERT INTO `CommunicationLogs` (`timestamp`,`method_id`,`case_id`,`message_id`) VALUES ("2020-06-18 15:12:22",1,2,3),("2020-05-08 22:50:22",1,4,5),("2020-04-24 03:54:17",3,3,2),("2020-05-26 13:10:39",3,3,3),("2020-04-05 01:43:24",3,8,3),("2020-03-05 13:52:59",1,6,2),("2020-08-02 13:01:51",3,2,7),("2020-08-13 01:06:45",2,6,6),("2020-05-06 00:40:29",2,6,6),("2020-04-16 19:23:45",2,10,7);
INSERT INTO `CommunicationLogs` (`timestamp`,`method_id`,`case_id`,`message_id`) VALUES ("2020-05-31 01:27:16",3,9,6),("2020-06-06 13:27:47",1,5,1),("2020-06-14 02:42:08",2,1,6),("2020-08-19 13:29:45",3,2,3),("2020-09-07 00:55:12",3,8,3),("2020-09-26 04:48:11",3,2,3),("2020-04-15 20:46:18",1,8,5),("2020-09-10 22:24:50",1,9,3),("2020-05-28 04:17:14",3,2,7),("2020-03-12 00:25:03",2,1,4);
INSERT INTO `CommunicationLogs` (`timestamp`,`method_id`,`case_id`,`message_id`) VALUES ("2020-09-29 21:43:58",3,9,2),("2020-04-14 17:58:39",1,2,3),("2020-09-17 13:47:18",1,5,3),("2020-09-06 12:31:30",1,8,6),("2020-05-20 07:08:58",1,9,5),("2020-04-18 18:10:26",2,6,2),("2020-05-25 05:34:20",2,1,2),("2020-04-04 07:25:50",2,4,6),("2020-02-15 04:39:37",2,3,2),("2020-04-09 01:16:33",3,3,5);
INSERT INTO `CommunicationLogs` (`timestamp`,`method_id`,`case_id`,`message_id`) VALUES ("2020-03-05 09:07:34",3,8,1),("2020-04-29 14:12:00",3,6,8),("2020-03-18 13:46:28",3,10,7),("2020-02-23 23:22:14",2,2,6),("2020-02-12 08:11:15",3,8,1),("2020-09-02 08:04:40",1,1,7),("2020-04-01 01:10:39",1,10,4),("2020-08-17 16:26:18",2,10,7),("2020-04-30 00:01:45",1,3,9),("2020-07-11 20:05:36",3,1,2);
INSERT INTO `CommunicationLogs` (`timestamp`,`method_id`,`case_id`,`message_id`) VALUES ("2020-09-01 17:08:35",3,5,3),("2020-08-11 09:10:17",1,7,5),("2020-08-30 19:50:21",1,8,8),("2020-02-11 08:31:36",2,8,9),("2020-07-16 01:52:22",2,4,3),("2020-09-24 03:13:33",3,10,5),("2020-02-06 01:53:52",1,6,2),("2020-07-04 09:33:11",3,2,7),("2020-07-03 15:54:20",1,5,5),("2020-02-05 12:18:10",3,8,2);
INSERT INTO `CommunicationLogs` (`timestamp`,`method_id`,`case_id`,`message_id`) VALUES ("2020-09-18 21:14:52",1,2,3),("2020-03-12 00:14:29",1,1,9),("2020-05-19 23:46:49",2,6,8),("2020-04-04 08:45:18",2,4,7),("2020-04-01 22:52:24",3,8,3),("2020-03-23 08:29:16",3,7,3),("2020-06-20 23:53:36",3,7,7),("2020-07-05 00:42:32",2,10,5),("2020-08-13 20:15:41",3,9,6),("2020-09-09 15:48:44",1,3,7);
INSERT INTO `CommunicationLogs` (`timestamp`,`method_id`,`case_id`,`message_id`) VALUES ("2020-07-08 03:22:55",1,5,1),("2020-04-17 13:40:24",2,4,4),("2020-07-11 02:25:58",3,2,7),("2020-02-12 09:54:59",1,4,6),("2020-09-27 14:49:30",1,9,2),("2020-02-24 18:12:17",3,2,5),("2020-03-03 23:07:52",3,3,7),("2020-02-08 06:59:54",3,2,4),("2020-06-06 07:03:45",2,4,1),("2020-02-29 10:38:47",2,7,5);
INSERT INTO `CommunicationLogs` (`timestamp`,`method_id`,`case_id`,`message_id`) VALUES ("2020-04-15 23:01:34",2,10,9),("2020-07-21 02:40:19",2,1,5),("2020-07-09 16:27:15",3,6,5),("2020-05-03 21:35:42",3,7,9),("2020-09-06 21:16:58",1,5,8),("2020-06-07 12:46:24",2,4,4),("2020-09-05 20:00:14",1,3,1),("2020-03-16 11:05:14",1,5,7),("2020-03-14 10:41:01",2,9,1),("2020-07-06 20:30:11",1,1,9);

-- Services
INSERT INTO `Services` (`name`,`phone`,`link`,`description`,`type`,`city`,`supports`) VALUES ("Tortor PC","(320) 145-0903","http://www.IQLQOTWC.vom","tempus, lorem fringilla","Self","Deline","et tristique"),("Malesuada Integer Id Foundation","(194) 229-9536","http://www.MKHXYVYL.mom","lacus. Aliquam","Self","Jerzu","elit, pharetra"),("Sapien Ltd","(283) 455-1467","http://www.QYSYMCJI.nom","nibh dolor, nonummy ac, feugiat non, lobortis quis, pede. Suspendisse","Self","Grande Prairie","dis parturient"),("Blandit Company","(445) 342-0423","http://www.KAMFLSKH.mom","eget","Support","Fayetteville","tincidunt adipiscing."),("Venenatis Lacus Etiam Corp.","(541) 753-6442","http://www.PQXEUXLE.com","odio vel est","Self","Issy-les-Moulineaux","semper rutrum."),("Et Industries","(958) 662-6764","http://www.PZDJLYZS.kom","ullamcorper. Duis","Self","Talara","Proin dolor."),("Scelerisque Scelerisque Dui Foundation","(639) 827-3110","http://www.MEXYEOGX.lom","arcu vel quam dignissim pharetra. Nam ac nulla.","Support","Ivanteyevka","Pellentesque tincidunt"),("Pellentesque Tellus Sem LLC","(272) 213-8476","http://www.YYQXIKNO.com","ut nisi a odio semper cursus. Integer mollis. Integer tincidunt","Self","Alcalá de Henares","blandit mattis."),("Varius Corp.","(149) 578-0110","http://www.TWYITTXF.qom","dis parturient montes, nascetur ridiculus mus. Proin","Support","Eugene","a, scelerisque"),("Et Ultrices LLC","(428) 442-8659","http://www.UGONTJOM.fom","Donec consectetuer","Self","Vertou","interdum libero");

-- ServiceList
INSERT INTO `ServiceList` (`message_id`,`service_id`) VALUES (4,1),(7,6),(4,2),(9,3),(6,4),(8,1),(5,2),(2,3),(4,3),(9,9);
INSERT INTO `ServiceList` (`message_id`,`service_id`) VALUES (7,1),(2,9),(5,6),(7,10),(2,10),(8,6),(7,6),(4,2),(6,2),(7,1);
INSERT INTO `ServiceList` (`message_id`,`service_id`) VALUES (1,3),(3,10),(2,6),(2,1),(4,6),(8,7),(4,8),(1,2),(2,10),(6,6);
INSERT INTO `ServiceList` (`message_id`,`service_id`) VALUES (2,2),(9,1),(9,3),(2,9),(9,9),(4,5),(4,6),(1,9),(8,4),(8,2);
INSERT INTO `ServiceList` (`message_id`,`service_id`) VALUES (8,1),(5,2),(6,3),(3,6),(3,5),(7,9),(9,1),(1,6),(8,6),(1,6);
INSERT INTO `ServiceList` (`message_id`,`service_id`) VALUES (4,9),(4,7),(1,1),(5,2),(3,2),(1,4),(7,7),(3,3),(9,4),(5,8);
INSERT INTO `ServiceList` (`message_id`,`service_id`) VALUES (4,6),(5,4),(3,5),(3,9),(5,8),(3,6),(6,5),(5,6),(8,4),(3,6);
INSERT INTO `ServiceList` (`message_id`,`service_id`) VALUES (4,1),(8,9),(5,5),(6,1),(8,3),(8,7),(1,4),(8,8),(9,4),(4,3);
INSERT INTO `ServiceList` (`message_id`,`service_id`) VALUES (8,1),(4,4),(4,5),(5,6),(4,3),(7,4),(1,9),(9,6),(8,1),(9,9);
INSERT INTO `ServiceList` (`message_id`,`service_id`) VALUES (9,4),(2,4),(4,7),(7,3),(1,1),(6,1),(5,5),(3,3),(2,2),(3,1);
